{"cameraMode":{"drawMode":0,"name":"Shaded","section":"Shading Mode"},"sceneLighting":false,"audioPlay":false,"sceneViewState":{"m_AlwaysRefresh":false,"showFog":true,"showSkybox":true,"showFlares":true,"showImageEffects":true,"showParticleSystems":true,"showVisualEffectGraphs":true,"m_FxEnabled":true},"in2DMode":false,"pivot":{"x":144.32992553710938,"y":30.752574920654298,"z":299.0276794433594},"rotation":{"x":-0.027507400140166284,"y":0.3985239863395691,"z":0.011962125077843666,"w":0.916671633720398},"size":5.295718669891357,"orthographic":false}